{"loss": [1.234190583229065, 1.0913645029067993, 1.0046749114990234, 0.9188178181648254, 0.8562048673629761, 0.8005692958831787, 0.7496660351753235, 0.707787275314331, 0.6645786762237549, 0.631908118724823], "accuracy": [0.6463032960891724, 0.6794493794441223, 0.7016158699989319, 0.7221250534057617, 0.7408157587051392, 0.756007730960846, 0.7697265148162842, 0.7809593677520752, 0.7929518222808838, 0.8014225363731384], "val_loss": [1.3707082271575928, 1.3324291706085205, 1.2630615234375, 1.1384434700012207, 1.1582868099212646, 1.144141435623169, 1.0893837213516235, 1.1230326890945435, 1.079508662223816, 1.1366257667541504], "val_accuracy": [0.630789041519165, 0.6364975571632385, 0.6524261236190796, 0.679955780506134, 0.6820734739303589, 0.6898075938224792, 0.6903600096702576, 0.6886106133460999, 0.7020531892776489, 0.6881502866744995]}